25;;;;
2020;Chevrolet;OSD101;6492;Airbag-Calefaccion-Estacionamiento asistido-GPS Integrado
2019;Renault;YVC011;5572;GPS Integrado-Matafuego incluido
2007;Dodge;CKS111;568;Airbag-Calefaccion-Control por voz
2017;BMW;QVP111;2339;Control por voz-Matafuego incluido
2015;Honda;NOJ111;1038;Color original-Estacionamiento asistido-Matafuego incluido
2019;Honda;MLM111;1229;Calefaccion-Estacionamiento asistido-GPS Integrado
2011;Chevrolet;EKQ101;6131;Airbag-Control por voz-GPS Integrado-Matafuego incluido
2015;Volkswagen;GGL111;678;Airbag-Puerto USB
2004;Dodge;KYC110;1115;Airbag-Calefaccion
2012;Honda;FAD111;6270;Matafuego incluido-Puerto USB
2016;Ford;OEY111;1337;Estacionamiento asistido-Puerto USB
2001;Fiat;OWU011;9668;GPS Integrado-Matafuego incluido-Puerto USB
2000;BMW;KUF110;485;Control por voz-Estacionamiento asistido
2003;Honda;IOJ111;4886;Color original-GPS Integrado-Matafuego incluido-Puerto USB
2002;Honda;BUS111;5786;Control por voz-Matafuego incluido-Puerto USB
2007;Fiat;RZU111;9541;Calefaccion-GPS Integrado-Matafuego incluido-Puerto USB
2005;Volkswagen;FRI111;3648;Calefaccion-Control por voz-Puerto USB
2006;Chevrolet;NLY111;7451;Color original-Estacionamiento asistido-GPS Integrado-Puerto USB
2008;Volkswagen;ZXU111;5759;Color original-Control por voz
2009;Dodge;EFC111;1945;Calefaccion-Matafuego incluido
2010;Dodge;YYG111;3556;Calefaccion-Color original-GPS Integrado-Matafuego incluido
2013;Dodge;NAR111;3826;Calefaccion-Color original-Puerto USB
2014;Honda;YEE111;6489;Color original-Puerto USB
2018;BMW;VFP111;5602;Calefaccion-Puerto USB
2016;Volkswagen;IEO011;910;Color original-Estacionamiento asistido-GPS Integrado
